"Any","Codi_Districte","Nom_Districte","Codi_Barri","Nom_Barri","Seccio_Censal","Total"
2023,"01","Ciutat Vella","01","el Raval","001",1047
2023,"01","Ciutat Vella","01","el Raval","002",424
2023,"01","Ciutat Vella","01","el Raval","003",784
2023,"01","Ciutat Vella","01","el Raval","004",810
2023,"01","Ciutat Vella","01","el Raval","005",665
2023,"01","Ciutat Vella","01","el Raval","006",435
2023,"01","Ciutat Vella","01","el Raval","007",499
2023,"01","Ciutat Vella","01","el Raval","008",653
2023,"01","Ciutat Vella","01","el Raval","009",508
2023,"01","Ciutat Vella","01","el Raval","010",506
2023,"01","Ciutat Vella","01","el Raval","011",694
2023,"01","Ciutat Vella","01","el Raval","012",445
2023,"01","Ciutat Vella","01","el Raval","013",325
2023,"01","Ciutat Vella","01","el Raval","014",370
2023,"01","Ciutat Vella","01","el Raval","015",483
2023,"01","Ciutat Vella","01","el Raval","016",379
2023,"01","Ciutat Vella","01","el Raval","017",512
2023,"01","Ciutat Vella","01","el Raval","018",411
2023,"01","Ciutat Vella","01","el Raval","019",659
2023,"01","Ciutat Vella","01","el Raval","020",605
2023,"01","Ciutat Vella","01","el Raval","021",756
2023,"01","Ciutat Vella","02","el Barri Gòtic","022",522
2023,"01","Ciutat Vella","02","el Barri Gòtic","023",812
2023,"01","Ciutat Vella","02","el Barri Gòtic","025",3420
2023,"01","Ciutat Vella","02","el Barri Gòtic","026",1276
2023,"01","Ciutat Vella","02","el Barri Gòtic","027",1774
2023,"01","Ciutat Vella","02","el Barri Gòtic","028",619
2023,"01","Ciutat Vella","02","el Barri Gòtic","029",476
2023,"01","Ciutat Vella","02","el Barri Gòtic","030",1163
2023,"01","Ciutat Vella","02","el Barri Gòtic","031",712
2023,"01","Ciutat Vella","03","la Barceloneta","032",973
2023,"01","Ciutat Vella","03","la Barceloneta","033",411
2023,"01","Ciutat Vella","03","la Barceloneta","034",354
2023,"01","Ciutat Vella","03","la Barceloneta","035",484
2023,"01","Ciutat Vella","03","la Barceloneta","036",562
2023,"01","Ciutat Vella","03","la Barceloneta","037",516
2023,"01","Ciutat Vella","03","la Barceloneta","038",476
2023,"01","Ciutat Vella","03","la Barceloneta","039",511
2023,"01","Ciutat Vella","03","la Barceloneta","040",429
2023,"01","Ciutat Vella","03","la Barceloneta","041",573
2023,"01","Ciutat Vella","03","la Barceloneta","042",622
2023,"01","Ciutat Vella","04","Sant Pere, Santa Caterina i la Ribera","043",6220
2023,"01","Ciutat Vella","04","Sant Pere, Santa Caterina i la Ribera","044",589
2023,"01","Ciutat Vella","04","Sant Pere, Santa Caterina i la Ribera","045",630
2023,"01","Ciutat Vella","04","Sant Pere, Santa Caterina i la Ribera","046",619
2023,"01","Ciutat Vella","04","Sant Pere, Santa Caterina i la Ribera","047",539
2023,"01","Ciutat Vella","04","Sant Pere, Santa Caterina i la Ribera","048",589
2023,"01","Ciutat Vella","04","Sant Pere, Santa Caterina i la Ribera","049",453
2023,"01","Ciutat Vella","04","Sant Pere, Santa Caterina i la Ribera","050",459
2023,"01","Ciutat Vella","04","Sant Pere, Santa Caterina i la Ribera","051",446
2023,"01","Ciutat Vella","04","Sant Pere, Santa Caterina i la Ribera","052",1039
2023,"01","Ciutat Vella","04","Sant Pere, Santa Caterina i la Ribera","053",602
2023,"01","Ciutat Vella","04","Sant Pere, Santa Caterina i la Ribera","054",407
2023,"01","Ciutat Vella","04","Sant Pere, Santa Caterina i la Ribera","055",506
2023,"02","Eixample","05","el Fort Pienc","001",744
2023,"02","Eixample","05","el Fort Pienc","002",756
2023,"02","Eixample","05","el Fort Pienc","003",474
2023,"02","Eixample","05","el Fort Pienc","004",622
2023,"02","Eixample","05","el Fort Pienc","005",1035
2023,"02","Eixample","05","el Fort Pienc","006",753
2023,"02","Eixample","05","el Fort Pienc","007",570
2023,"02","Eixample","05","el Fort Pienc","008",938
2023,"02","Eixample","05","el Fort Pienc","009",825
2023,"02","Eixample","05","el Fort Pienc","010",573
2023,"02","Eixample","05","el Fort Pienc","011",533
2023,"02","Eixample","05","el Fort Pienc","012",700
2023,"02","Eixample","05","el Fort Pienc","013",624
2023,"02","Eixample","05","el Fort Pienc","014",508
2023,"02","Eixample","05","el Fort Pienc","015",651
2023,"02","Eixample","05","el Fort Pienc","016",804
2023,"02","Eixample","05","el Fort Pienc","017",919
2023,"02","Eixample","05","el Fort Pienc","018",884
2023,"02","Eixample","05","el Fort Pienc","019",940
2023,"02","Eixample","05","el Fort Pienc","020",642
2023,"02","Eixample","06","la Sagrada Família","021",645
2023,"02","Eixample","06","la Sagrada Família","022",574
2023,"02","Eixample","06","la Sagrada Família","023",492
2023,"02","Eixample","06","la Sagrada Família","024",496
2023,"02","Eixample","06","la Sagrada Família","025",459
2023,"02","Eixample","06","la Sagrada Família","026",860
2023,"02","Eixample","06","la Sagrada Família","027",806
2023,"02","Eixample","06","la Sagrada Família","028",1031
2023,"02","Eixample","06","la Sagrada Família","029",513
2023,"02","Eixample","06","la Sagrada Família","030",524
2023,"02","Eixample","06","la Sagrada Família","031",437
2023,"02","Eixample","06","la Sagrada Família","032",466
2023,"02","Eixample","06","la Sagrada Família","033",515
2023,"02","Eixample","06","la Sagrada Família","034",455
2023,"02","Eixample","06","la Sagrada Família","035",553
2023,"02","Eixample","06","la Sagrada Família","036",551
2023,"02","Eixample","06","la Sagrada Família","037",537
2023,"02","Eixample","06","la Sagrada Família","038",1002
2023,"02","Eixample","06","la Sagrada Família","039",629
2023,"02","Eixample","06","la Sagrada Família","040",667
2023,"02","Eixample","06","la Sagrada Família","041",746
2023,"02","Eixample","06","la Sagrada Família","042",888
2023,"02","Eixample","06","la Sagrada Família","043",621
2023,"02","Eixample","06","la Sagrada Família","044",544
2023,"02","Eixample","06","la Sagrada Família","045",501
2023,"02","Eixample","06","la Sagrada Família","046",724
2023,"02","Eixample","06","la Sagrada Família","047",818
2023,"02","Eixample","06","la Sagrada Família","048",499
2023,"02","Eixample","06","la Sagrada Família","049",829
2023,"02","Eixample","06","la Sagrada Família","050",736
2023,"02","Eixample","06","la Sagrada Família","051",862
2023,"02","Eixample","06","la Sagrada Família","052",820
2023,"02","Eixample","06","la Sagrada Família","053",767
2023,"02","Eixample","06","la Sagrada Família","054",877
2023,"02","Eixample","07","la Dreta de l'Eixample","055",819
2023,"02","Eixample","07","la Dreta de l'Eixample","056",654
2023,"02","Eixample","07","la Dreta de l'Eixample","057",694
2023,"02","Eixample","07","la Dreta de l'Eixample","058",688
2023,"02","Eixample","07","la Dreta de l'Eixample","059",768
2023,"02","Eixample","07","la Dreta de l'Eixample","060",834
2023,"02","Eixample","07","la Dreta de l'Eixample","061",658
2023,"02","Eixample","07","la Dreta de l'Eixample","062",801
2023,"02","Eixample","07","la Dreta de l'Eixample","063",804
2023,"02","Eixample","07","la Dreta de l'Eixample","064",878
2023,"02","Eixample","07","la Dreta de l'Eixample","065",946
2023,"02","Eixample","07","la Dreta de l'Eixample","066",852
2023,"02","Eixample","07","la Dreta de l'Eixample","067",764
2023,"02","Eixample","07","la Dreta de l'Eixample","068",790
2023,"02","Eixample","07","la Dreta de l'Eixample","069",684
2023,"02","Eixample","07","la Dreta de l'Eixample","070",833
2023,"02","Eixample","07","la Dreta de l'Eixample","071",970
2023,"02","Eixample","07","la Dreta de l'Eixample","072",782
2023,"02","Eixample","07","la Dreta de l'Eixample","073",845
2023,"02","Eixample","07","la Dreta de l'Eixample","074",716
2023,"02","Eixample","07","la Dreta de l'Eixample","075",720
2023,"02","Eixample","07","la Dreta de l'Eixample","076",1042
2023,"02","Eixample","07","la Dreta de l'Eixample","077",1736
2023,"02","Eixample","07","la Dreta de l'Eixample","078",2234
2023,"02","Eixample","07","la Dreta de l'Eixample","079",1563
2023,"02","Eixample","07","la Dreta de l'Eixample","080",1562
2023,"02","Eixample","07","la Dreta de l'Eixample","081",2044
2023,"02","Eixample","07","la Dreta de l'Eixample","082",888
2023,"02","Eixample","07","la Dreta de l'Eixample","083",2383
2023,"02","Eixample","08","l'Antiga Esquerra de l'Eixample","084",2265
2023,"02","Eixample","08","l'Antiga Esquerra de l'Eixample","085",1191
2023,"02","Eixample","08","l'Antiga Esquerra de l'Eixample","086",1017
2023,"02","Eixample","08","l'Antiga Esquerra de l'Eixample","087",628
2023,"02","Eixample","08","l'Antiga Esquerra de l'Eixample","088",913
2023,"02","Eixample","08","l'Antiga Esquerra de l'Eixample","089",1319
2023,"02","Eixample","08","l'Antiga Esquerra de l'Eixample","090",790
2023,"02","Eixample","08","l'Antiga Esquerra de l'Eixample","091",940
2023,"02","Eixample","08","l'Antiga Esquerra de l'Eixample","092",866
2023,"02","Eixample","08","l'Antiga Esquerra de l'Eixample","093",825
2023,"02","Eixample","08","l'Antiga Esquerra de l'Eixample","094",710
2023,"02","Eixample","08","l'Antiga Esquerra de l'Eixample","095",742
2023,"02","Eixample","08","l'Antiga Esquerra de l'Eixample","096",800
2023,"02","Eixample","08","l'Antiga Esquerra de l'Eixample","097",483
2023,"02","Eixample","08","l'Antiga Esquerra de l'Eixample","098",714
2023,"02","Eixample","08","l'Antiga Esquerra de l'Eixample","099",780
2023,"02","Eixample","08","l'Antiga Esquerra de l'Eixample","100",693
2023,"02","Eixample","08","l'Antiga Esquerra de l'Eixample","101",935
2023,"02","Eixample","08","l'Antiga Esquerra de l'Eixample","102",674
2023,"02","Eixample","08","l'Antiga Esquerra de l'Eixample","103",762
2023,"02","Eixample","08","l'Antiga Esquerra de l'Eixample","104",544
2023,"02","Eixample","08","l'Antiga Esquerra de l'Eixample","105",861
2023,"02","Eixample","08","l'Antiga Esquerra de l'Eixample","106",808
2023,"02","Eixample","08","l'Antiga Esquerra de l'Eixample","107",936
2023,"02","Eixample","08","l'Antiga Esquerra de l'Eixample","108",1041
2023,"02","Eixample","08","l'Antiga Esquerra de l'Eixample","109",1210
2023,"02","Eixample","09","la Nova Esquerra de l'Eixample","110",947
2023,"02","Eixample","09","la Nova Esquerra de l'Eixample","111",927
2023,"02","Eixample","09","la Nova Esquerra de l'Eixample","112",870
2023,"02","Eixample","09","la Nova Esquerra de l'Eixample","113",1435
2023,"02","Eixample","09","la Nova Esquerra de l'Eixample","114",776
2023,"02","Eixample","09","la Nova Esquerra de l'Eixample","115",562
2023,"02","Eixample","09","la Nova Esquerra de l'Eixample","116",525
2023,"02","Eixample","09","la Nova Esquerra de l'Eixample","117",685
2023,"02","Eixample","09","la Nova Esquerra de l'Eixample","118",966
2023,"02","Eixample","09","la Nova Esquerra de l'Eixample","119",644
2023,"02","Eixample","09","la Nova Esquerra de l'Eixample","120",671
2023,"02","Eixample","09","la Nova Esquerra de l'Eixample","121",668
2023,"02","Eixample","09","la Nova Esquerra de l'Eixample","122",525
2023,"02","Eixample","09","la Nova Esquerra de l'Eixample","123",505
2023,"02","Eixample","09","la Nova Esquerra de l'Eixample","124",595
2023,"02","Eixample","09","la Nova Esquerra de l'Eixample","125",737
2023,"02","Eixample","09","la Nova Esquerra de l'Eixample","126",872
2023,"02","Eixample","09","la Nova Esquerra de l'Eixample","127",1227
2023,"02","Eixample","09","la Nova Esquerra de l'Eixample","128",523
2023,"02","Eixample","09","la Nova Esquerra de l'Eixample","129",763
2023,"02","Eixample","09","la Nova Esquerra de l'Eixample","130",707
2023,"02","Eixample","09","la Nova Esquerra de l'Eixample","131",531
2023,"02","Eixample","09","la Nova Esquerra de l'Eixample","132",582
2023,"02","Eixample","09","la Nova Esquerra de l'Eixample","133",404
2023,"02","Eixample","09","la Nova Esquerra de l'Eixample","134",691
2023,"02","Eixample","09","la Nova Esquerra de l'Eixample","135",840
2023,"02","Eixample","09","la Nova Esquerra de l'Eixample","136",433
2023,"02","Eixample","09","la Nova Esquerra de l'Eixample","137",609
2023,"02","Eixample","09","la Nova Esquerra de l'Eixample","138",954
2023,"02","Eixample","09","la Nova Esquerra de l'Eixample","139",692
2023,"02","Eixample","09","la Nova Esquerra de l'Eixample","140",967
2023,"02","Eixample","09","la Nova Esquerra de l'Eixample","141",565
2023,"02","Eixample","09","la Nova Esquerra de l'Eixample","142",799
2023,"02","Eixample","09","la Nova Esquerra de l'Eixample","143",651
2023,"02","Eixample","09","la Nova Esquerra de l'Eixample","144",606
2023,"02","Eixample","09","la Nova Esquerra de l'Eixample","145",509
2023,"02","Eixample","09","la Nova Esquerra de l'Eixample","146",629
2023,"02","Eixample","09","la Nova Esquerra de l'Eixample","147",882
2023,"02","Eixample","09","la Nova Esquerra de l'Eixample","148",841
2023,"02","Eixample","09","la Nova Esquerra de l'Eixample","149",807
2023,"02","Eixample","10","Sant Antoni","150",565
2023,"02","Eixample","10","Sant Antoni","151",608
2023,"02","Eixample","10","Sant Antoni","152",609
2023,"02","Eixample","10","Sant Antoni","153",609
2023,"02","Eixample","10","Sant Antoni","154",440
2023,"02","Eixample","10","Sant Antoni","155",685
2023,"02","Eixample","10","Sant Antoni","156",583
2023,"02","Eixample","10","Sant Antoni","157",466
2023,"02","Eixample","10","Sant Antoni","158",767
2023,"02","Eixample","10","Sant Antoni","159",793
2023,"02","Eixample","10","Sant Antoni","160",878
2023,"02","Eixample","10","Sant Antoni","161",471
2023,"02","Eixample","10","Sant Antoni","162",477
2023,"02","Eixample","10","Sant Antoni","163",838
2023,"02","Eixample","10","Sant Antoni","164",754
2023,"02","Eixample","10","Sant Antoni","165",621
2023,"02","Eixample","10","Sant Antoni","166",806
2023,"02","Eixample","10","Sant Antoni","167",1007
2023,"02","Eixample","10","Sant Antoni","168",855
2023,"02","Eixample","10","Sant Antoni","169",538
2023,"02","Eixample","10","Sant Antoni","170",606
2023,"02","Eixample","10","Sant Antoni","171",571
2023,"02","Eixample","10","Sant Antoni","172",572
2023,"02","Eixample","10","Sant Antoni","173",646
2023,"03","Sants-Montjuïc","11","el Poble Sec - AEI Parc Montjuïc","001",647
2023,"03","Sants-Montjuïc","11","el Poble Sec - AEI Parc Montjuïc","002",770
2023,"03","Sants-Montjuïc","11","el Poble Sec - AEI Parc Montjuïc","003",550
2023,"03","Sants-Montjuïc","11","el Poble Sec - AEI Parc Montjuïc","004",602
2023,"03","Sants-Montjuïc","11","el Poble Sec - AEI Parc Montjuïc","005",474
2023,"03","Sants-Montjuïc","11","el Poble Sec - AEI Parc Montjuïc","006",607
2023,"03","Sants-Montjuïc","11","el Poble Sec - AEI Parc Montjuïc","007",603
2023,"03","Sants-Montjuïc","11","el Poble Sec - AEI Parc Montjuïc","008",420
2023,"03","Sants-Montjuïc","11","el Poble Sec - AEI Parc Montjuïc","009",467
2023,"03","Sants-Montjuïc","11","el Poble Sec - AEI Parc Montjuïc","010",625
2023,"03","Sants-Montjuïc","11","el Poble Sec - AEI Parc Montjuïc","011",564
2023,"03","Sants-Montjuïc","11","el Poble Sec - AEI Parc Montjuïc","012",734
2023,"03","Sants-Montjuïc","11","el Poble Sec - AEI Parc Montjuïc","013",600
2023,"03","Sants-Montjuïc","11","el Poble Sec - AEI Parc Montjuïc","014",609
2023,"03","Sants-Montjuïc","11","el Poble Sec - AEI Parc Montjuïc","015",893
2023,"03","Sants-Montjuïc","11","el Poble Sec - AEI Parc Montjuïc","016",357
2023,"03","Sants-Montjuïc","11","el Poble Sec - AEI Parc Montjuïc","017",524
2023,"03","Sants-Montjuïc","11","el Poble Sec - AEI Parc Montjuïc","018",576
2023,"03","Sants-Montjuïc","11","el Poble Sec - AEI Parc Montjuïc","019",494
2023,"03","Sants-Montjuïc","11","el Poble Sec - AEI Parc Montjuïc","020",665
2023,"03","Sants-Montjuïc","11","el Poble Sec - AEI Parc Montjuïc","021",412
2023,"03","Sants-Montjuïc","11","el Poble Sec - AEI Parc Montjuïc","022",542
2023,"03","Sants-Montjuïc","11","el Poble Sec - AEI Parc Montjuïc","023",649
2023,"03","Sants-Montjuïc","11","el Poble Sec - AEI Parc Montjuïc","024",956
2023,"03","Sants-Montjuïc","11","el Poble Sec - AEI Parc Montjuïc","NC",2
2023,"03","Sants-Montjuïc","12","la Marina del Prat Vermell - AEI Zona Franca","025",14920
2023,"03","Sants-Montjuïc","13","la Marina de Port","026",476
2023,"03","Sants-Montjuïc","13","la Marina de Port","027",784
2023,"03","Sants-Montjuïc","13","la Marina de Port","028",1148
2023,"03","Sants-Montjuïc","13","la Marina de Port","029",518
2023,"03","Sants-Montjuïc","13","la Marina de Port","030",857
2023,"03","Sants-Montjuïc","13","la Marina de Port","031",1210
2023,"03","Sants-Montjuïc","13","la Marina de Port","032",796
2023,"03","Sants-Montjuïc","13","la Marina de Port","033",540
2023,"03","Sants-Montjuïc","13","la Marina de Port","034",829
2023,"03","Sants-Montjuïc","13","la Marina de Port","035",1184
2023,"03","Sants-Montjuïc","13","la Marina de Port","036",1114
2023,"03","Sants-Montjuïc","13","la Marina de Port","037",508
2023,"03","Sants-Montjuïc","13","la Marina de Port","038",510
2023,"03","Sants-Montjuïc","13","la Marina de Port","039",925
2023,"03","Sants-Montjuïc","13","la Marina de Port","211",770
2023,"03","Sants-Montjuïc","13","la Marina de Port","212",975
2023,"03","Sants-Montjuïc","13","la Marina de Port","213",952
2023,"03","Sants-Montjuïc","14","la Font de la Guatlla","040",914
2023,"03","Sants-Montjuïc","14","la Font de la Guatlla","041",621
2023,"03","Sants-Montjuïc","14","la Font de la Guatlla","042",688
2023,"03","Sants-Montjuïc","14","la Font de la Guatlla","043",702
2023,"03","Sants-Montjuïc","14","la Font de la Guatlla","044",792
2023,"03","Sants-Montjuïc","14","la Font de la Guatlla","045",522
2023,"03","Sants-Montjuïc","14","la Font de la Guatlla","046",697
2023,"03","Sants-Montjuïc","15","Hostafrancs","047",756
2023,"03","Sants-Montjuïc","15","Hostafrancs","048",746
2023,"03","Sants-Montjuïc","15","Hostafrancs","049",669
2023,"03","Sants-Montjuïc","15","Hostafrancs","050",615
2023,"03","Sants-Montjuïc","15","Hostafrancs","051",675
2023,"03","Sants-Montjuïc","15","Hostafrancs","052",485
2023,"03","Sants-Montjuïc","15","Hostafrancs","053",807
2023,"03","Sants-Montjuïc","15","Hostafrancs","054",732
2023,"03","Sants-Montjuïc","15","Hostafrancs","055",652
2023,"03","Sants-Montjuïc","15","Hostafrancs","056",436
2023,"03","Sants-Montjuïc","16","la Bordeta","057",626
2023,"03","Sants-Montjuïc","16","la Bordeta","058",698
2023,"03","Sants-Montjuïc","16","la Bordeta","059",497
2023,"03","Sants-Montjuïc","16","la Bordeta","060",586
2023,"03","Sants-Montjuïc","16","la Bordeta","061",403
2023,"03","Sants-Montjuïc","16","la Bordeta","062",639
2023,"03","Sants-Montjuïc","16","la Bordeta","063",718
2023,"03","Sants-Montjuïc","16","la Bordeta","064",739
2023,"03","Sants-Montjuïc","16","la Bordeta","065",713
2023,"03","Sants-Montjuïc","16","la Bordeta","066",1037
2023,"03","Sants-Montjuïc","16","la Bordeta","067",785
2023,"03","Sants-Montjuïc","16","la Bordeta","068",457
2023,"03","Sants-Montjuïc","16","la Bordeta","069",566
2023,"03","Sants-Montjuïc","17","Sants - Badal","070",560
2023,"03","Sants-Montjuïc","17","Sants - Badal","071",449
2023,"03","Sants-Montjuïc","17","Sants - Badal","072",489
2023,"03","Sants-Montjuïc","17","Sants - Badal","073",623
2023,"03","Sants-Montjuïc","17","Sants - Badal","074",766
2023,"03","Sants-Montjuïc","17","Sants - Badal","075",679
2023,"03","Sants-Montjuïc","17","Sants - Badal","076",423
2023,"03","Sants-Montjuïc","17","Sants - Badal","077",512
2023,"03","Sants-Montjuïc","17","Sants - Badal","078",652
2023,"03","Sants-Montjuïc","17","Sants - Badal","079",619
2023,"03","Sants-Montjuïc","17","Sants - Badal","080",629
2023,"03","Sants-Montjuïc","17","Sants - Badal","081",823
2023,"03","Sants-Montjuïc","17","Sants - Badal","082",895
2023,"03","Sants-Montjuïc","17","Sants - Badal","083",622
2023,"03","Sants-Montjuïc","17","Sants - Badal","084",700
2023,"03","Sants-Montjuïc","17","Sants - Badal","085",639
2023,"03","Sants-Montjuïc","18","Sants","086",712
2023,"03","Sants-Montjuïc","18","Sants","087",644
2023,"03","Sants-Montjuïc","18","Sants","088",626
2023,"03","Sants-Montjuïc","18","Sants","089",578
2023,"03","Sants-Montjuïc","18","Sants","090",394
2023,"03","Sants-Montjuïc","18","Sants","091",616
2023,"03","Sants-Montjuïc","18","Sants","092",544
2023,"03","Sants-Montjuïc","18","Sants","093",739
2023,"03","Sants-Montjuïc","18","Sants","094",451
2023,"03","Sants-Montjuïc","18","Sants","095",633
2023,"03","Sants-Montjuïc","18","Sants","096",610
2023,"03","Sants-Montjuïc","18","Sants","097",515
2023,"03","Sants-Montjuïc","18","Sants","098",502
2023,"03","Sants-Montjuïc","18","Sants","099",361
2023,"03","Sants-Montjuïc","18","Sants","100",481
2023,"03","Sants-Montjuïc","18","Sants","101",553
2023,"03","Sants-Montjuïc","18","Sants","102",537
2023,"03","Sants-Montjuïc","18","Sants","103",458
2023,"03","Sants-Montjuïc","18","Sants","104",546
2023,"03","Sants-Montjuïc","18","Sants","105",435
2023,"03","Sants-Montjuïc","18","Sants","106",521
2023,"03","Sants-Montjuïc","18","Sants","107",745
2023,"03","Sants-Montjuïc","18","Sants","108",669
2023,"03","Sants-Montjuïc","18","Sants","109",660
2023,"03","Sants-Montjuïc","18","Sants","110",699
2023,"03","Sants-Montjuïc","18","Sants","111",592
2023,"03","Sants-Montjuïc","18","Sants","112",865
2023,"03","Sants-Montjuïc","18","Sants","113",786
2023,"03","Sants-Montjuïc","18","Sants","114",827
2023,"04","Les Corts","19","les Corts","001",610
2023,"04","Les Corts","19","les Corts","002",1575
2023,"04","Les Corts","19","les Corts","003",585
2023,"04","Les Corts","19","les Corts","004",518
2023,"04","Les Corts","19","les Corts","005",585
2023,"04","Les Corts","19","les Corts","006",534
2023,"04","Les Corts","19","les Corts","007",491
2023,"04","Les Corts","19","les Corts","008",468
2023,"04","Les Corts","19","les Corts","009",673
2023,"04","Les Corts","19","les Corts","010",458
2023,"04","Les Corts","19","les Corts","011",922
2023,"04","Les Corts","19","les Corts","012",790
2023,"04","Les Corts","19","les Corts","013",741
2023,"04","Les Corts","19","les Corts","014",355
2023,"04","Les Corts","19","les Corts","015",920
2023,"04","Les Corts","19","les Corts","016",582
2023,"04","Les Corts","19","les Corts","017",681
2023,"04","Les Corts","19","les Corts","018",857
2023,"04","Les Corts","19","les Corts","019",928
2023,"04","Les Corts","19","les Corts","020",809
2023,"04","Les Corts","19","les Corts","021",1609
2023,"04","Les Corts","19","les Corts","022",918
2023,"04","Les Corts","19","les Corts","023",1116
2023,"04","Les Corts","19","les Corts","024",1508
2023,"04","Les Corts","19","les Corts","025",626
2023,"04","Les Corts","19","les Corts","026",629
2023,"04","Les Corts","19","les Corts","027",702
2023,"04","Les Corts","19","les Corts","028",661
2023,"04","Les Corts","19","les Corts","029",1166
2023,"04","Les Corts","19","les Corts","030",940
2023,"04","Les Corts","19","les Corts","031",764
2023,"04","Les Corts","19","les Corts","032",778
2023,"04","Les Corts","19","les Corts","033",588
2023,"04","Les Corts","19","les Corts","034",841
2023,"04","Les Corts","19","les Corts","035",800
2023,"04","Les Corts","20","la Maternitat i Sant Ramon","036",708
2023,"04","Les Corts","20","la Maternitat i Sant Ramon","037",1151
2023,"04","Les Corts","20","la Maternitat i Sant Ramon","038",732
2023,"04","Les Corts","20","la Maternitat i Sant Ramon","039",652
2023,"04","Les Corts","20","la Maternitat i Sant Ramon","040",651
2023,"04","Les Corts","20","la Maternitat i Sant Ramon","041",590
2023,"04","Les Corts","20","la Maternitat i Sant Ramon","042",770
2023,"04","Les Corts","20","la Maternitat i Sant Ramon","043",969
2023,"04","Les Corts","20","la Maternitat i Sant Ramon","044",852
2023,"04","Les Corts","20","la Maternitat i Sant Ramon","045",738
2023,"04","Les Corts","20","la Maternitat i Sant Ramon","046",1597
2023,"04","Les Corts","20","la Maternitat i Sant Ramon","047",1096
2023,"04","Les Corts","20","la Maternitat i Sant Ramon","048",853
2023,"04","Les Corts","20","la Maternitat i Sant Ramon","049",959
2023,"04","Les Corts","20","la Maternitat i Sant Ramon","084",837
2023,"04","Les Corts","21","Pedralbes","050",1526
2023,"04","Les Corts","21","Pedralbes","051",1007
2023,"04","Les Corts","21","Pedralbes","052",1984
2023,"04","Les Corts","21","Pedralbes","053",1066
2023,"04","Les Corts","21","Pedralbes","054",850
2023,"04","Les Corts","21","Pedralbes","055",1515
2023,"04","Les Corts","21","Pedralbes","056",1540
2023,"05","Sarrià-St. Gervasi","22","Vallvidrera, el Tibidabo i les Planes","001",1179
2023,"05","Sarrià-St. Gervasi","22","Vallvidrera, el Tibidabo i les Planes","002",1198
2023,"05","Sarrià-St. Gervasi","22","Vallvidrera, el Tibidabo i les Planes","003",995
2023,"05","Sarrià-St. Gervasi","23","Sarrià","004",925
2023,"05","Sarrià-St. Gervasi","23","Sarrià","005",863
2023,"05","Sarrià-St. Gervasi","23","Sarrià","006",1505
2023,"05","Sarrià-St. Gervasi","23","Sarrià","007",1018
2023,"05","Sarrià-St. Gervasi","23","Sarrià","008",1068
2023,"05","Sarrià-St. Gervasi","23","Sarrià","009",1090
2023,"05","Sarrià-St. Gervasi","23","Sarrià","010",964
2023,"05","Sarrià-St. Gervasi","23","Sarrià","011",842
2023,"05","Sarrià-St. Gervasi","23","Sarrià","012",935
2023,"05","Sarrià-St. Gervasi","23","Sarrià","013",1074
2023,"05","Sarrià-St. Gervasi","23","Sarrià","014",1110
2023,"05","Sarrià-St. Gervasi","23","Sarrià","015",887
2023,"05","Sarrià-St. Gervasi","23","Sarrià","016",995
2023,"05","Sarrià-St. Gervasi","23","Sarrià","017",1354
2023,"05","Sarrià-St. Gervasi","23","Sarrià","018",861
2023,"05","Sarrià-St. Gervasi","23","Sarrià","019",1231
2023,"05","Sarrià-St. Gervasi","24","les Tres Torres","020",801
2023,"05","Sarrià-St. Gervasi","24","les Tres Torres","021",756
2023,"05","Sarrià-St. Gervasi","24","les Tres Torres","022",1337
2023,"05","Sarrià-St. Gervasi","24","les Tres Torres","023",951
2023,"05","Sarrià-St. Gervasi","24","les Tres Torres","024",1558
2023,"05","Sarrià-St. Gervasi","24","les Tres Torres","025",1091
2023,"05","Sarrià-St. Gervasi","24","les Tres Torres","026",1230
2023,"05","Sarrià-St. Gervasi","24","les Tres Torres","027",1132
2023,"05","Sarrià-St. Gervasi","24","les Tres Torres","028",1190
2023,"05","Sarrià-St. Gervasi","24","les Tres Torres","029",1492
2023,"05","Sarrià-St. Gervasi","24","les Tres Torres","030",1169
2023,"05","Sarrià-St. Gervasi","25","Sant Gervasi - la Bonanova","031",1733
2023,"05","Sarrià-St. Gervasi","25","Sant Gervasi - la Bonanova","032",1369
2023,"05","Sarrià-St. Gervasi","25","Sant Gervasi - la Bonanova","033",1101
2023,"05","Sarrià-St. Gervasi","25","Sant Gervasi - la Bonanova","034",695
2023,"05","Sarrià-St. Gervasi","25","Sant Gervasi - la Bonanova","035",881
2023,"05","Sarrià-St. Gervasi","25","Sant Gervasi - la Bonanova","036",1216
2023,"05","Sarrià-St. Gervasi","25","Sant Gervasi - la Bonanova","037",885
2023,"05","Sarrià-St. Gervasi","25","Sant Gervasi - la Bonanova","038",901
2023,"05","Sarrià-St. Gervasi","25","Sant Gervasi - la Bonanova","039",1087
2023,"05","Sarrià-St. Gervasi","25","Sant Gervasi - la Bonanova","040",861
2023,"05","Sarrià-St. Gervasi","25","Sant Gervasi - la Bonanova","041",1013
2023,"05","Sarrià-St. Gervasi","25","Sant Gervasi - la Bonanova","042",734
2023,"05","Sarrià-St. Gervasi","25","Sant Gervasi - la Bonanova","043",882
2023,"05","Sarrià-St. Gervasi","25","Sant Gervasi - la Bonanova","044",793
2023,"05","Sarrià-St. Gervasi","25","Sant Gervasi - la Bonanova","045",1244
2023,"05","Sarrià-St. Gervasi","25","Sant Gervasi - la Bonanova","046",983
2023,"05","Sarrià-St. Gervasi","25","Sant Gervasi - la Bonanova","047",894
2023,"05","Sarrià-St. Gervasi","25","Sant Gervasi - la Bonanova","048",978
2023,"05","Sarrià-St. Gervasi","26","Sant Gervasi - Galvany","049",1424
2023,"05","Sarrià-St. Gervasi","26","Sant Gervasi - Galvany","050",1177
2023,"05","Sarrià-St. Gervasi","26","Sant Gervasi - Galvany","051",1235
2023,"05","Sarrià-St. Gervasi","26","Sant Gervasi - Galvany","052",1090
2023,"05","Sarrià-St. Gervasi","26","Sant Gervasi - Galvany","053",1363
2023,"05","Sarrià-St. Gervasi","26","Sant Gervasi - Galvany","054",999
2023,"05","Sarrià-St. Gervasi","26","Sant Gervasi - Galvany","055",1561
2023,"05","Sarrià-St. Gervasi","26","Sant Gervasi - Galvany","056",879
2023,"05","Sarrià-St. Gervasi","26","Sant Gervasi - Galvany","057",1435
2023,"05","Sarrià-St. Gervasi","26","Sant Gervasi - Galvany","058",1282
2023,"05","Sarrià-St. Gervasi","26","Sant Gervasi - Galvany","059",1452
2023,"05","Sarrià-St. Gervasi","26","Sant Gervasi - Galvany","060",919
2023,"05","Sarrià-St. Gervasi","26","Sant Gervasi - Galvany","061",1057
2023,"05","Sarrià-St. Gervasi","26","Sant Gervasi - Galvany","062",958
2023,"05","Sarrià-St. Gervasi","26","Sant Gervasi - Galvany","063",1004
2023,"05","Sarrià-St. Gervasi","26","Sant Gervasi - Galvany","064",939
2023,"05","Sarrià-St. Gervasi","26","Sant Gervasi - Galvany","065",1357
2023,"05","Sarrià-St. Gervasi","26","Sant Gervasi - Galvany","066",970
2023,"05","Sarrià-St. Gervasi","26","Sant Gervasi - Galvany","067",1801
2023,"05","Sarrià-St. Gervasi","26","Sant Gervasi - Galvany","068",1502
2023,"05","Sarrià-St. Gervasi","26","Sant Gervasi - Galvany","069",1100
2023,"05","Sarrià-St. Gervasi","26","Sant Gervasi - Galvany","070",870
2023,"05","Sarrià-St. Gervasi","26","Sant Gervasi - Galvany","071",1082
2023,"05","Sarrià-St. Gervasi","26","Sant Gervasi - Galvany","072",1028
2023,"05","Sarrià-St. Gervasi","26","Sant Gervasi - Galvany","073",1181
2023,"05","Sarrià-St. Gervasi","26","Sant Gervasi - Galvany","074",1153
2023,"05","Sarrià-St. Gervasi","26","Sant Gervasi - Galvany","075",1397
2023,"05","Sarrià-St. Gervasi","26","Sant Gervasi - Galvany","076",945
2023,"05","Sarrià-St. Gervasi","26","Sant Gervasi - Galvany","077",1034
2023,"05","Sarrià-St. Gervasi","26","Sant Gervasi - Galvany","078",1321
2023,"05","Sarrià-St. Gervasi","26","Sant Gervasi - Galvany","079",786
2023,"05","Sarrià-St. Gervasi","27","el Putxet i el Farró","080",688
2023,"05","Sarrià-St. Gervasi","27","el Putxet i el Farró","081",934
2023,"05","Sarrià-St. Gervasi","27","el Putxet i el Farró","082",814
2023,"05","Sarrià-St. Gervasi","27","el Putxet i el Farró","083",730
2023,"05","Sarrià-St. Gervasi","27","el Putxet i el Farró","084",727
2023,"05","Sarrià-St. Gervasi","27","el Putxet i el Farró","085",655
2023,"05","Sarrià-St. Gervasi","27","el Putxet i el Farró","086",713
2023,"05","Sarrià-St. Gervasi","27","el Putxet i el Farró","087",973
2023,"05","Sarrià-St. Gervasi","27","el Putxet i el Farró","088",1015
2023,"05","Sarrià-St. Gervasi","27","el Putxet i el Farró","089",1047
2023,"05","Sarrià-St. Gervasi","27","el Putxet i el Farró","090",1134
2023,"05","Sarrià-St. Gervasi","27","el Putxet i el Farró","091",872
2023,"05","Sarrià-St. Gervasi","27","el Putxet i el Farró","092",1015
2023,"05","Sarrià-St. Gervasi","27","el Putxet i el Farró","093",790
2023,"05","Sarrià-St. Gervasi","27","el Putxet i el Farró","094",1771
2023,"05","Sarrià-St. Gervasi","27","el Putxet i el Farró","095",893
2023,"05","Sarrià-St. Gervasi","27","el Putxet i el Farró","096",583
2023,"05","Sarrià-St. Gervasi","27","el Putxet i el Farró","097",1202
2023,"05","Sarrià-St. Gervasi","27","el Putxet i el Farró","098",858
2023,"06","Gràcia","28","Vallcarca i els Penitents","001",620
2023,"06","Gràcia","28","Vallcarca i els Penitents","002",726
2023,"06","Gràcia","28","Vallcarca i els Penitents","003",1285
2023,"06","Gràcia","28","Vallcarca i els Penitents","004",822
2023,"06","Gràcia","28","Vallcarca i els Penitents","006",670
2023,"06","Gràcia","28","Vallcarca i els Penitents","007",1043
2023,"06","Gràcia","28","Vallcarca i els Penitents","008",1030
2023,"06","Gràcia","28","Vallcarca i els Penitents","009",999
2023,"06","Gràcia","28","Vallcarca i els Penitents","010",630
2023,"06","Gràcia","28","Vallcarca i els Penitents","011",812
2023,"06","Gràcia","28","Vallcarca i els Penitents","012",697
2023,"06","Gràcia","29","el Coll","013",937
2023,"06","Gràcia","29","el Coll","014",645
2023,"06","Gràcia","29","el Coll","015",783
2023,"06","Gràcia","29","el Coll","016",733
2023,"06","Gràcia","29","el Coll","017",715
2023,"06","Gràcia","30","la Salut","018",728
2023,"06","Gràcia","30","la Salut","019",838
2023,"06","Gràcia","30","la Salut","020",536
2023,"06","Gràcia","30","la Salut","021",685
2023,"06","Gràcia","30","la Salut","022",740
2023,"06","Gràcia","30","la Salut","023",850
2023,"06","Gràcia","30","la Salut","024",903
2023,"06","Gràcia","30","la Salut","025",715
2023,"06","Gràcia","30","la Salut","026",455
2023,"06","Gràcia","30","la Salut","027",615
2023,"06","Gràcia","31","la Vila de Gràcia","028",549
2023,"06","Gràcia","31","la Vila de Gràcia","029",603
2023,"06","Gràcia","31","la Vila de Gràcia","030",581
2023,"06","Gràcia","31","la Vila de Gràcia","031",481
2023,"06","Gràcia","31","la Vila de Gràcia","032",523
2023,"06","Gràcia","31","la Vila de Gràcia","033",562
2023,"06","Gràcia","31","la Vila de Gràcia","034",682
2023,"06","Gràcia","31","la Vila de Gràcia","035",489
2023,"06","Gràcia","31","la Vila de Gràcia","036",912
2023,"06","Gràcia","31","la Vila de Gràcia","037",549
2023,"06","Gràcia","31","la Vila de Gràcia","038",578
2023,"06","Gràcia","31","la Vila de Gràcia","039",576
2023,"06","Gràcia","31","la Vila de Gràcia","040",737
2023,"06","Gràcia","31","la Vila de Gràcia","041",714
2023,"06","Gràcia","31","la Vila de Gràcia","042",813
2023,"06","Gràcia","31","la Vila de Gràcia","043",626
2023,"06","Gràcia","31","la Vila de Gràcia","044",1236
2023,"06","Gràcia","31","la Vila de Gràcia","045",689
2023,"06","Gràcia","31","la Vila de Gràcia","046",414
2023,"06","Gràcia","31","la Vila de Gràcia","047",422
2023,"06","Gràcia","31","la Vila de Gràcia","048",625
2023,"06","Gràcia","31","la Vila de Gràcia","049",405
2023,"06","Gràcia","31","la Vila de Gràcia","050",458
2023,"06","Gràcia","31","la Vila de Gràcia","051",437
2023,"06","Gràcia","31","la Vila de Gràcia","052",633
2023,"06","Gràcia","31","la Vila de Gràcia","053",564
2023,"06","Gràcia","31","la Vila de Gràcia","054",597
2023,"06","Gràcia","31","la Vila de Gràcia","055",455
2023,"06","Gràcia","31","la Vila de Gràcia","056",568
2023,"06","Gràcia","31","la Vila de Gràcia","057",567
2023,"06","Gràcia","31","la Vila de Gràcia","058",761
2023,"06","Gràcia","31","la Vila de Gràcia","059",631
2023,"06","Gràcia","31","la Vila de Gràcia","060",881
2023,"06","Gràcia","31","la Vila de Gràcia","061",569
2023,"06","Gràcia","31","la Vila de Gràcia","062",512
2023,"06","Gràcia","31","la Vila de Gràcia","063",618
2023,"06","Gràcia","32","el Camp d'en Grassot i Gràcia Nova","064",851
2023,"06","Gràcia","32","el Camp d'en Grassot i Gràcia Nova","065",500
2023,"06","Gràcia","32","el Camp d'en Grassot i Gràcia Nova","066",436
2023,"06","Gràcia","32","el Camp d'en Grassot i Gràcia Nova","067",810
2023,"06","Gràcia","32","el Camp d'en Grassot i Gràcia Nova","068",772
2023,"06","Gràcia","32","el Camp d'en Grassot i Gràcia Nova","069",468
2023,"06","Gràcia","32","el Camp d'en Grassot i Gràcia Nova","070",825
2023,"06","Gràcia","32","el Camp d'en Grassot i Gràcia Nova","071",553
2023,"06","Gràcia","32","el Camp d'en Grassot i Gràcia Nova","072",752
2023,"06","Gràcia","32","el Camp d'en Grassot i Gràcia Nova","073",737
2023,"06","Gràcia","32","el Camp d'en Grassot i Gràcia Nova","074",464
2023,"06","Gràcia","32","el Camp d'en Grassot i Gràcia Nova","075",626
2023,"06","Gràcia","32","el Camp d'en Grassot i Gràcia Nova","076",668
2023,"06","Gràcia","32","el Camp d'en Grassot i Gràcia Nova","077",524
2023,"06","Gràcia","32","el Camp d'en Grassot i Gràcia Nova","078",612
2023,"06","Gràcia","32","el Camp d'en Grassot i Gràcia Nova","079",557
2023,"06","Gràcia","32","el Camp d'en Grassot i Gràcia Nova","080",535
2023,"06","Gràcia","32","el Camp d'en Grassot i Gràcia Nova","081",569
2023,"06","Gràcia","32","el Camp d'en Grassot i Gràcia Nova","082",830
2023,"06","Gràcia","32","el Camp d'en Grassot i Gràcia Nova","083",844
2023,"06","Gràcia","32","el Camp d'en Grassot i Gràcia Nova","084",704
2023,"06","Gràcia","32","el Camp d'en Grassot i Gràcia Nova","085",637
2023,"06","Gràcia","32","el Camp d'en Grassot i Gràcia Nova","086",562
2023,"06","Gràcia","32","el Camp d'en Grassot i Gràcia Nova","087",1055
2023,"06","Gràcia","32","el Camp d'en Grassot i Gràcia Nova","088",624
2023,"07","Horta-Guinardó","33","el Baix Guinardó","001",733
2023,"07","Horta-Guinardó","33","el Baix Guinardó","002",457
2023,"07","Horta-Guinardó","33","el Baix Guinardó","003",574
2023,"07","Horta-Guinardó","33","el Baix Guinardó","004",622
2023,"07","Horta-Guinardó","33","el Baix Guinardó","005",569
2023,"07","Horta-Guinardó","33","el Baix Guinardó","006",499
2023,"07","Horta-Guinardó","33","el Baix Guinardó","007",488
2023,"07","Horta-Guinardó","33","el Baix Guinardó","008",709
2023,"07","Horta-Guinardó","33","el Baix Guinardó","009",522
2023,"07","Horta-Guinardó","33","el Baix Guinardó","010",580
2023,"07","Horta-Guinardó","33","el Baix Guinardó","011",460
2023,"07","Horta-Guinardó","33","el Baix Guinardó","012",680
2023,"07","Horta-Guinardó","33","el Baix Guinardó","013",653
2023,"07","Horta-Guinardó","33","el Baix Guinardó","014",369
2023,"07","Horta-Guinardó","33","el Baix Guinardó","015",707
2023,"07","Horta-Guinardó","33","el Baix Guinardó","016",780
2023,"07","Horta-Guinardó","33","el Baix Guinardó","017",727
2023,"07","Horta-Guinardó","33","el Baix Guinardó","018",686
2023,"07","Horta-Guinardó","33","el Baix Guinardó","019",734
2023,"07","Horta-Guinardó","34","Can Baró","020",771
2023,"07","Horta-Guinardó","34","Can Baró","021",691
2023,"07","Horta-Guinardó","34","Can Baró","022",614
2023,"07","Horta-Guinardó","34","Can Baró","023",783
2023,"07","Horta-Guinardó","34","Can Baró","024",786
2023,"07","Horta-Guinardó","34","Can Baró","025",744
2023,"07","Horta-Guinardó","34","Can Baró","026",603
2023,"07","Horta-Guinardó","35","el Guinardó","027",1006
2023,"07","Horta-Guinardó","35","el Guinardó","028",807
2023,"07","Horta-Guinardó","35","el Guinardó","029",618
2023,"07","Horta-Guinardó","35","el Guinardó","030",628
2023,"07","Horta-Guinardó","35","el Guinardó","031",717
2023,"07","Horta-Guinardó","35","el Guinardó","032",611
2023,"07","Horta-Guinardó","35","el Guinardó","033",731
2023,"07","Horta-Guinardó","35","el Guinardó","034",822
2023,"07","Horta-Guinardó","35","el Guinardó","035",897
2023,"07","Horta-Guinardó","35","el Guinardó","036",723
2023,"07","Horta-Guinardó","35","el Guinardó","037",698
2023,"07","Horta-Guinardó","35","el Guinardó","038",913
2023,"07","Horta-Guinardó","35","el Guinardó","039",779
2023,"07","Horta-Guinardó","35","el Guinardó","040",656
2023,"07","Horta-Guinardó","35","el Guinardó","041",510
2023,"07","Horta-Guinardó","35","el Guinardó","042",761
2023,"07","Horta-Guinardó","35","el Guinardó","043",612
2023,"07","Horta-Guinardó","35","el Guinardó","044",590
2023,"07","Horta-Guinardó","35","el Guinardó","045",666
2023,"07","Horta-Guinardó","35","el Guinardó","046",569
2023,"07","Horta-Guinardó","35","el Guinardó","047",625
2023,"07","Horta-Guinardó","35","el Guinardó","048",548
2023,"07","Horta-Guinardó","35","el Guinardó","049",574
2023,"07","Horta-Guinardó","35","el Guinardó","050",525
2023,"07","Horta-Guinardó","35","el Guinardó","051",815
2023,"07","Horta-Guinardó","36","la Font d'en Fargues","052",765
2023,"07","Horta-Guinardó","36","la Font d'en Fargues","053",887
2023,"07","Horta-Guinardó","36","la Font d'en Fargues","054",1109
2023,"07","Horta-Guinardó","36","la Font d'en Fargues","055",747
2023,"07","Horta-Guinardó","36","la Font d'en Fargues","056",749
2023,"07","Horta-Guinardó","36","la Font d'en Fargues","057",840
2023,"07","Horta-Guinardó","36","la Font d'en Fargues","058",869
2023,"07","Horta-Guinardó","37","el Carmel","059",692
2023,"07","Horta-Guinardó","37","el Carmel","060",1090
2023,"07","Horta-Guinardó","37","el Carmel","061",709
2023,"07","Horta-Guinardó","37","el Carmel","062",628
2023,"07","Horta-Guinardó","37","el Carmel","063",728
2023,"07","Horta-Guinardó","37","el Carmel","064",769
2023,"07","Horta-Guinardó","37","el Carmel","065",732
2023,"07","Horta-Guinardó","37","el Carmel","066",765
2023,"07","Horta-Guinardó","37","el Carmel","067",723
2023,"07","Horta-Guinardó","37","el Carmel","068",549
2023,"07","Horta-Guinardó","37","el Carmel","069",595
2023,"07","Horta-Guinardó","37","el Carmel","070",628
2023,"07","Horta-Guinardó","37","el Carmel","071",603
2023,"07","Horta-Guinardó","37","el Carmel","072",689
2023,"07","Horta-Guinardó","37","el Carmel","073",475
2023,"07","Horta-Guinardó","37","el Carmel","074",736
2023,"07","Horta-Guinardó","37","el Carmel","075",526
2023,"07","Horta-Guinardó","37","el Carmel","076",614
2023,"07","Horta-Guinardó","37","el Carmel","077",629
2023,"07","Horta-Guinardó","37","el Carmel","078",682
2023,"07","Horta-Guinardó","37","el Carmel","079",650
2023,"07","Horta-Guinardó","37","el Carmel","080",776
2023,"07","Horta-Guinardó","38","la Teixonera","081",1054
2023,"07","Horta-Guinardó","38","la Teixonera","082",595
2023,"07","Horta-Guinardó","38","la Teixonera","083",626
2023,"07","Horta-Guinardó","38","la Teixonera","084",712
2023,"07","Horta-Guinardó","38","la Teixonera","085",665
2023,"07","Horta-Guinardó","38","la Teixonera","086",758
2023,"07","Horta-Guinardó","38","la Teixonera","087",813
2023,"07","Horta-Guinardó","38","la Teixonera","088",772
2023,"07","Horta-Guinardó","39","Sant Genís dels Agudells","089",668
2023,"07","Horta-Guinardó","39","Sant Genís dels Agudells","090",908
2023,"07","Horta-Guinardó","39","Sant Genís dels Agudells","091",645
2023,"07","Horta-Guinardó","39","Sant Genís dels Agudells","092",531
2023,"07","Horta-Guinardó","39","Sant Genís dels Agudells","093",741
2023,"07","Horta-Guinardó","40","Montbau","094",564
2023,"07","Horta-Guinardó","40","Montbau","095",823
2023,"07","Horta-Guinardó","40","Montbau","096",629
2023,"07","Horta-Guinardó","40","Montbau","097",397
2023,"07","Horta-Guinardó","41","la Vall d'Hebron","098",1118
2023,"07","Horta-Guinardó","41","la Vall d'Hebron","099",622
2023,"07","Horta-Guinardó","41","la Vall d'Hebron","100",571
2023,"07","Horta-Guinardó","41","la Vall d'Hebron","101",689
2023,"07","Horta-Guinardó","42","la Clota","102",414
2023,"07","Horta-Guinardó","42","la Clota","NC",1
2023,"07","Horta-Guinardó","43","Horta","103",823
2023,"07","Horta-Guinardó","43","Horta","104",841
2023,"07","Horta-Guinardó","43","Horta","105",608
2023,"07","Horta-Guinardó","43","Horta","106",555
2023,"07","Horta-Guinardó","43","Horta","107",653
2023,"07","Horta-Guinardó","43","Horta","108",649
2023,"07","Horta-Guinardó","43","Horta","109",777
2023,"07","Horta-Guinardó","43","Horta","110",491
2023,"07","Horta-Guinardó","43","Horta","111",495
2023,"07","Horta-Guinardó","43","Horta","112",615
2023,"07","Horta-Guinardó","43","Horta","113",534
2023,"07","Horta-Guinardó","43","Horta","114",599
2023,"07","Horta-Guinardó","43","Horta","115",614
2023,"07","Horta-Guinardó","43","Horta","116",691
2023,"07","Horta-Guinardó","43","Horta","117",629
2023,"07","Horta-Guinardó","43","Horta","118",605
2023,"07","Horta-Guinardó","43","Horta","119",562
2023,"07","Horta-Guinardó","43","Horta","120",602
2023,"07","Horta-Guinardó","43","Horta","121",455
2023,"07","Horta-Guinardó","43","Horta","122",576
2023,"07","Horta-Guinardó","43","Horta","123",672
2023,"08","Nou Barris","44","Vilapicina i la Torre Llobeta","001",567
2023,"08","Nou Barris","44","Vilapicina i la Torre Llobeta","002",592
2023,"08","Nou Barris","44","Vilapicina i la Torre Llobeta","003",593
2023,"08","Nou Barris","44","Vilapicina i la Torre Llobeta","004",631
2023,"08","Nou Barris","44","Vilapicina i la Torre Llobeta","005",482
2023,"08","Nou Barris","44","Vilapicina i la Torre Llobeta","006",771
2023,"08","Nou Barris","44","Vilapicina i la Torre Llobeta","007",541
2023,"08","Nou Barris","44","Vilapicina i la Torre Llobeta","008",749
2023,"08","Nou Barris","44","Vilapicina i la Torre Llobeta","009",676
2023,"08","Nou Barris","44","Vilapicina i la Torre Llobeta","010",589
2023,"08","Nou Barris","44","Vilapicina i la Torre Llobeta","011",484
2023,"08","Nou Barris","44","Vilapicina i la Torre Llobeta","012",533
2023,"08","Nou Barris","44","Vilapicina i la Torre Llobeta","013",449
2023,"08","Nou Barris","44","Vilapicina i la Torre Llobeta","014",472
2023,"08","Nou Barris","44","Vilapicina i la Torre Llobeta","015",512
2023,"08","Nou Barris","44","Vilapicina i la Torre Llobeta","016",468
2023,"08","Nou Barris","44","Vilapicina i la Torre Llobeta","017",671
2023,"08","Nou Barris","44","Vilapicina i la Torre Llobeta","018",556
2023,"08","Nou Barris","44","Vilapicina i la Torre Llobeta","019",674
2023,"08","Nou Barris","45","Porta","020",567
2023,"08","Nou Barris","45","Porta","021",614
2023,"08","Nou Barris","45","Porta","022",559
2023,"08","Nou Barris","45","Porta","023",571
2023,"08","Nou Barris","45","Porta","024",576
2023,"08","Nou Barris","45","Porta","025",456
2023,"08","Nou Barris","45","Porta","026",512
2023,"08","Nou Barris","45","Porta","027",633
2023,"08","Nou Barris","45","Porta","028",482
2023,"08","Nou Barris","45","Porta","029",721
2023,"08","Nou Barris","45","Porta","030",581
2023,"08","Nou Barris","45","Porta","031",570
2023,"08","Nou Barris","45","Porta","032",592
2023,"08","Nou Barris","45","Porta","033",546
2023,"08","Nou Barris","45","Porta","034",372
2023,"08","Nou Barris","45","Porta","035",604
2023,"08","Nou Barris","45","Porta","036",543
2023,"08","Nou Barris","45","Porta","037",608
2023,"08","Nou Barris","45","Porta","NC",27
2023,"08","Nou Barris","46","el Turó de la Peira","038",584
2023,"08","Nou Barris","46","el Turó de la Peira","039",650
2023,"08","Nou Barris","46","el Turó de la Peira","040",683
2023,"08","Nou Barris","46","el Turó de la Peira","041",768
2023,"08","Nou Barris","46","el Turó de la Peira","042",493
2023,"08","Nou Barris","46","el Turó de la Peira","043",394
2023,"08","Nou Barris","46","el Turó de la Peira","044",469
2023,"08","Nou Barris","46","el Turó de la Peira","045",548
2023,"08","Nou Barris","46","el Turó de la Peira","046",556
2023,"08","Nou Barris","46","el Turó de la Peira","047",529
2023,"08","Nou Barris","47","Can Peguera","048",425
2023,"08","Nou Barris","47","Can Peguera","049",555
2023,"08","Nou Barris","48","la Guineueta","050",622
2023,"08","Nou Barris","48","la Guineueta","051",766
2023,"08","Nou Barris","48","la Guineueta","052",463
2023,"08","Nou Barris","48","la Guineueta","053",596
2023,"08","Nou Barris","48","la Guineueta","054",769
2023,"08","Nou Barris","48","la Guineueta","055",981
2023,"08","Nou Barris","48","la Guineueta","056",656
2023,"08","Nou Barris","48","la Guineueta","057",496
2023,"08","Nou Barris","48","la Guineueta","058",658
2023,"08","Nou Barris","48","la Guineueta","059",429
2023,"08","Nou Barris","48","la Guineueta","215",591
2023,"08","Nou Barris","49","Canyelles","060",682
2023,"08","Nou Barris","49","Canyelles","061",851
2023,"08","Nou Barris","49","Canyelles","062",625
2023,"08","Nou Barris","49","Canyelles","063",607
2023,"08","Nou Barris","49","Canyelles","064",912
2023,"08","Nou Barris","50","les Roquetes","065",784
2023,"08","Nou Barris","50","les Roquetes","066",761
2023,"08","Nou Barris","50","les Roquetes","067",817
2023,"08","Nou Barris","50","les Roquetes","068",706
2023,"08","Nou Barris","50","les Roquetes","069",625
2023,"08","Nou Barris","50","les Roquetes","070",595
2023,"08","Nou Barris","50","les Roquetes","071",746
2023,"08","Nou Barris","50","les Roquetes","072",547
2023,"08","Nou Barris","50","les Roquetes","073",647
2023,"08","Nou Barris","50","les Roquetes","074",663
2023,"08","Nou Barris","51","Verdun","075",721
2023,"08","Nou Barris","51","Verdun","076",631
2023,"08","Nou Barris","51","Verdun","077",600
2023,"08","Nou Barris","51","Verdun","078",549
2023,"08","Nou Barris","51","Verdun","079",623
2023,"08","Nou Barris","51","Verdun","080",626
2023,"08","Nou Barris","51","Verdun","081",548
2023,"08","Nou Barris","51","Verdun","082",655
2023,"08","Nou Barris","52","la Prosperitat","083",495
2023,"08","Nou Barris","52","la Prosperitat","084",493
2023,"08","Nou Barris","52","la Prosperitat","085",653
2023,"08","Nou Barris","52","la Prosperitat","086",701
2023,"08","Nou Barris","52","la Prosperitat","087",484
2023,"08","Nou Barris","52","la Prosperitat","088",501
2023,"08","Nou Barris","52","la Prosperitat","089",494
2023,"08","Nou Barris","52","la Prosperitat","090",539
2023,"08","Nou Barris","52","la Prosperitat","091",541
2023,"08","Nou Barris","52","la Prosperitat","092",466
2023,"08","Nou Barris","52","la Prosperitat","093",499
2023,"08","Nou Barris","52","la Prosperitat","094",576
2023,"08","Nou Barris","52","la Prosperitat","095",481
2023,"08","Nou Barris","52","la Prosperitat","096",866
2023,"08","Nou Barris","52","la Prosperitat","097",570
2023,"08","Nou Barris","52","la Prosperitat","098",534
2023,"08","Nou Barris","52","la Prosperitat","099",571
2023,"08","Nou Barris","52","la Prosperitat","100",511
2023,"08","Nou Barris","52","la Prosperitat","101",679
2023,"08","Nou Barris","52","la Prosperitat","102",510
2023,"08","Nou Barris","53","la Trinitat Nova","103",600
2023,"08","Nou Barris","53","la Trinitat Nova","104",515
2023,"08","Nou Barris","53","la Trinitat Nova","105",566
2023,"08","Nou Barris","53","la Trinitat Nova","106",545
2023,"08","Nou Barris","53","la Trinitat Nova","107",800
2023,"08","Nou Barris","54","Torre Baró","108",947
2023,"08","Nou Barris","54","Torre Baró","109",602
2023,"08","Nou Barris","55","Ciutat Meridiana","110",703
2023,"08","Nou Barris","55","Ciutat Meridiana","111",571
2023,"08","Nou Barris","55","Ciutat Meridiana","112",604
2023,"08","Nou Barris","55","Ciutat Meridiana","113",602
2023,"08","Nou Barris","55","Ciutat Meridiana","114",836
2023,"08","Nou Barris","55","Ciutat Meridiana","115",578
2023,"08","Nou Barris","56","Vallbona","116",779
2023,"09","Sant Andreu","57","la Trinitat Vella","001",1022
2023,"09","Sant Andreu","57","la Trinitat Vella","002",882
2023,"09","Sant Andreu","57","la Trinitat Vella","003",853
2023,"09","Sant Andreu","57","la Trinitat Vella","004",660
2023,"09","Sant Andreu","57","la Trinitat Vella","005",757
2023,"09","Sant Andreu","58","Baró de Viver","006",520
2023,"09","Sant Andreu","58","Baró de Viver","007",600
2023,"09","Sant Andreu","59","el Bon Pastor","008",1023
2023,"09","Sant Andreu","59","el Bon Pastor","009",1695
2023,"09","Sant Andreu","59","el Bon Pastor","010",878
2023,"09","Sant Andreu","59","el Bon Pastor","011",764
2023,"09","Sant Andreu","59","el Bon Pastor","013",747
2023,"09","Sant Andreu","59","el Bon Pastor","014",716
2023,"09","Sant Andreu","59","el Bon Pastor","015",2621
2023,"09","Sant Andreu","60","Sant Andreu","016",669
2023,"09","Sant Andreu","60","Sant Andreu","017",695
2023,"09","Sant Andreu","60","Sant Andreu","018",669
2023,"09","Sant Andreu","60","Sant Andreu","019",1362
2023,"09","Sant Andreu","60","Sant Andreu","020",477
2023,"09","Sant Andreu","60","Sant Andreu","021",761
2023,"09","Sant Andreu","60","Sant Andreu","022",547
2023,"09","Sant Andreu","60","Sant Andreu","023",584
2023,"09","Sant Andreu","60","Sant Andreu","024",528
2023,"09","Sant Andreu","60","Sant Andreu","025",600
2023,"09","Sant Andreu","60","Sant Andreu","026",691
2023,"09","Sant Andreu","60","Sant Andreu","027",704
2023,"09","Sant Andreu","60","Sant Andreu","028",793
2023,"09","Sant Andreu","60","Sant Andreu","029",480
2023,"09","Sant Andreu","60","Sant Andreu","030",734
2023,"09","Sant Andreu","60","Sant Andreu","031",583
2023,"09","Sant Andreu","60","Sant Andreu","032",829
2023,"09","Sant Andreu","60","Sant Andreu","033",1497
2023,"09","Sant Andreu","60","Sant Andreu","034",630
2023,"09","Sant Andreu","60","Sant Andreu","035",678
2023,"09","Sant Andreu","60","Sant Andreu","036",624
2023,"09","Sant Andreu","60","Sant Andreu","037",650
2023,"09","Sant Andreu","60","Sant Andreu","038",795
2023,"09","Sant Andreu","60","Sant Andreu","039",722
2023,"09","Sant Andreu","60","Sant Andreu","040",713
2023,"09","Sant Andreu","60","Sant Andreu","041",673
2023,"09","Sant Andreu","60","Sant Andreu","042",593
2023,"09","Sant Andreu","60","Sant Andreu","043",625
2023,"09","Sant Andreu","60","Sant Andreu","044",705
2023,"09","Sant Andreu","60","Sant Andreu","045",632
2023,"09","Sant Andreu","60","Sant Andreu","046",640
2023,"09","Sant Andreu","60","Sant Andreu","047",678
2023,"09","Sant Andreu","60","Sant Andreu","048",597
2023,"09","Sant Andreu","60","Sant Andreu","049",532
2023,"09","Sant Andreu","60","Sant Andreu","050",680
2023,"09","Sant Andreu","60","Sant Andreu","051",625
2023,"09","Sant Andreu","60","Sant Andreu","052",520
2023,"09","Sant Andreu","60","Sant Andreu","053",703
2023,"09","Sant Andreu","60","Sant Andreu","054",450
2023,"09","Sant Andreu","61","la Sagrera","055",787
2023,"09","Sant Andreu","61","la Sagrera","056",540
2023,"09","Sant Andreu","61","la Sagrera","057",704
2023,"09","Sant Andreu","61","la Sagrera","058",626
2023,"09","Sant Andreu","61","la Sagrera","059",598
2023,"09","Sant Andreu","61","la Sagrera","060",579
2023,"09","Sant Andreu","61","la Sagrera","061",837
2023,"09","Sant Andreu","61","la Sagrera","062",545
2023,"09","Sant Andreu","61","la Sagrera","063",576
2023,"09","Sant Andreu","61","la Sagrera","064",657
2023,"09","Sant Andreu","61","la Sagrera","065",843
2023,"09","Sant Andreu","61","la Sagrera","066",682
2023,"09","Sant Andreu","61","la Sagrera","067",543
2023,"09","Sant Andreu","61","la Sagrera","068",678
2023,"09","Sant Andreu","61","la Sagrera","069",320
2023,"09","Sant Andreu","61","la Sagrera","070",594
2023,"09","Sant Andreu","61","la Sagrera","071",741
2023,"09","Sant Andreu","61","la Sagrera","072",470
2023,"09","Sant Andreu","61","la Sagrera","073",686
2023,"09","Sant Andreu","61","la Sagrera","156",575
2023,"09","Sant Andreu","62","el Congrés i els Indians","074",643
2023,"09","Sant Andreu","62","el Congrés i els Indians","075",598
2023,"09","Sant Andreu","62","el Congrés i els Indians","076",595
2023,"09","Sant Andreu","62","el Congrés i els Indians","077",618
2023,"09","Sant Andreu","62","el Congrés i els Indians","078",693
2023,"09","Sant Andreu","62","el Congrés i els Indians","079",669
2023,"09","Sant Andreu","62","el Congrés i els Indians","080",580
2023,"09","Sant Andreu","62","el Congrés i els Indians","081",768
2023,"09","Sant Andreu","62","el Congrés i els Indians","082",871
2023,"09","Sant Andreu","63","Navas","083",703
2023,"09","Sant Andreu","63","Navas","084",815
2023,"09","Sant Andreu","63","Navas","085",856
2023,"09","Sant Andreu","63","Navas","086",606
2023,"09","Sant Andreu","63","Navas","087",589
2023,"09","Sant Andreu","63","Navas","088",732
2023,"09","Sant Andreu","63","Navas","089",606
2023,"09","Sant Andreu","63","Navas","090",674
2023,"09","Sant Andreu","63","Navas","091",812
2023,"09","Sant Andreu","63","Navas","092",971
2023,"09","Sant Andreu","63","Navas","093",636
2023,"09","Sant Andreu","63","Navas","094",897
2023,"09","Sant Andreu","63","Navas","095",858
2023,"10","Sant Martí","64","el Camp de l'Arpa del Clot","001",657
2023,"10","Sant Martí","64","el Camp de l'Arpa del Clot","002",862
2023,"10","Sant Martí","64","el Camp de l'Arpa del Clot","003",631
2023,"10","Sant Martí","64","el Camp de l'Arpa del Clot","004",646
2023,"10","Sant Martí","64","el Camp de l'Arpa del Clot","005",803
2023,"10","Sant Martí","64","el Camp de l'Arpa del Clot","006",784
2023,"10","Sant Martí","64","el Camp de l'Arpa del Clot","007",763
2023,"10","Sant Martí","64","el Camp de l'Arpa del Clot","008",691
2023,"10","Sant Martí","64","el Camp de l'Arpa del Clot","009",621
2023,"10","Sant Martí","64","el Camp de l'Arpa del Clot","010",743
2023,"10","Sant Martí","64","el Camp de l'Arpa del Clot","011",548
2023,"10","Sant Martí","64","el Camp de l'Arpa del Clot","012",775
2023,"10","Sant Martí","64","el Camp de l'Arpa del Clot","013",589
2023,"10","Sant Martí","64","el Camp de l'Arpa del Clot","014",612
2023,"10","Sant Martí","64","el Camp de l'Arpa del Clot","015",830
2023,"10","Sant Martí","64","el Camp de l'Arpa del Clot","016",633
2023,"10","Sant Martí","64","el Camp de l'Arpa del Clot","017",698
2023,"10","Sant Martí","64","el Camp de l'Arpa del Clot","018",531
2023,"10","Sant Martí","64","el Camp de l'Arpa del Clot","019",650
2023,"10","Sant Martí","64","el Camp de l'Arpa del Clot","020",547
2023,"10","Sant Martí","64","el Camp de l'Arpa del Clot","021",554
2023,"10","Sant Martí","64","el Camp de l'Arpa del Clot","022",611
2023,"10","Sant Martí","64","el Camp de l'Arpa del Clot","023",605
2023,"10","Sant Martí","64","el Camp de l'Arpa del Clot","024",588
2023,"10","Sant Martí","64","el Camp de l'Arpa del Clot","025",527
2023,"10","Sant Martí","65","el Clot","026",736
2023,"10","Sant Martí","65","el Clot","027",672
2023,"10","Sant Martí","65","el Clot","028",837
2023,"10","Sant Martí","65","el Clot","029",609
2023,"10","Sant Martí","65","el Clot","030",808
2023,"10","Sant Martí","65","el Clot","031",640
2023,"10","Sant Martí","65","el Clot","032",717
2023,"10","Sant Martí","65","el Clot","033",435
2023,"10","Sant Martí","65","el Clot","034",786
2023,"10","Sant Martí","65","el Clot","035",954
2023,"10","Sant Martí","65","el Clot","036",735
2023,"10","Sant Martí","65","el Clot","037",382
2023,"10","Sant Martí","65","el Clot","038",711
2023,"10","Sant Martí","65","el Clot","039",760
2023,"10","Sant Martí","65","el Clot","040",738
2023,"10","Sant Martí","65","el Clot","041",726
2023,"10","Sant Martí","65","el Clot","234",783
2023,"10","Sant Martí","66","el Parc i la Llacuna del Poblenou","042",1529
2023,"10","Sant Martí","66","el Parc i la Llacuna del Poblenou","043",1769
2023,"10","Sant Martí","66","el Parc i la Llacuna del Poblenou","044",746
2023,"10","Sant Martí","66","el Parc i la Llacuna del Poblenou","045",1958
2023,"10","Sant Martí","66","el Parc i la Llacuna del Poblenou","046",607
2023,"10","Sant Martí","66","el Parc i la Llacuna del Poblenou","047",795
2023,"10","Sant Martí","66","el Parc i la Llacuna del Poblenou","048",804
2023,"10","Sant Martí","66","el Parc i la Llacuna del Poblenou","049",600
2023,"10","Sant Martí","66","el Parc i la Llacuna del Poblenou","050",793
2023,"10","Sant Martí","67","la Vila Olímpica del Poblenou","051",769
2023,"10","Sant Martí","67","la Vila Olímpica del Poblenou","052",1431
2023,"10","Sant Martí","67","la Vila Olímpica del Poblenou","053",1103
2023,"10","Sant Martí","67","la Vila Olímpica del Poblenou","054",578
2023,"10","Sant Martí","67","la Vila Olímpica del Poblenou","055",1716
2023,"10","Sant Martí","68","el Poblenou","056",1264
2023,"10","Sant Martí","68","el Poblenou","057",808
2023,"10","Sant Martí","68","el Poblenou","058",1077
2023,"10","Sant Martí","68","el Poblenou","059",831
2023,"10","Sant Martí","68","el Poblenou","060",737
2023,"10","Sant Martí","68","el Poblenou","061",931
2023,"10","Sant Martí","68","el Poblenou","062",721
2023,"10","Sant Martí","68","el Poblenou","063",570
2023,"10","Sant Martí","68","el Poblenou","064",749
2023,"10","Sant Martí","68","el Poblenou","065",673
2023,"10","Sant Martí","68","el Poblenou","066",944
2023,"10","Sant Martí","68","el Poblenou","067",800
2023,"10","Sant Martí","68","el Poblenou","068",719
2023,"10","Sant Martí","68","el Poblenou","069",961
2023,"10","Sant Martí","68","el Poblenou","070",698
2023,"10","Sant Martí","68","el Poblenou","071",922
2023,"10","Sant Martí","68","el Poblenou","072",915
2023,"10","Sant Martí","68","el Poblenou","073",672
2023,"10","Sant Martí","68","el Poblenou","074",724
2023,"10","Sant Martí","68","el Poblenou","075",697
2023,"10","Sant Martí","69","Diagonal Mar i el Front Marítim del Poblenou","076",970
2023,"10","Sant Martí","69","Diagonal Mar i el Front Marítim del Poblenou","077",901
2023,"10","Sant Martí","69","Diagonal Mar i el Front Marítim del Poblenou","078",1236
2023,"10","Sant Martí","69","Diagonal Mar i el Front Marítim del Poblenou","079",849
2023,"10","Sant Martí","69","Diagonal Mar i el Front Marítim del Poblenou","080",1208
2023,"10","Sant Martí","69","Diagonal Mar i el Front Marítim del Poblenou","235",552
2023,"10","Sant Martí","69","Diagonal Mar i el Front Marítim del Poblenou","236",640
2023,"10","Sant Martí","70","el Besòs i el Maresme","081",784
2023,"10","Sant Martí","70","el Besòs i el Maresme","082",653
2023,"10","Sant Martí","70","el Besòs i el Maresme","083",680
2023,"10","Sant Martí","70","el Besòs i el Maresme","084",601
2023,"10","Sant Martí","70","el Besòs i el Maresme","085",658
2023,"10","Sant Martí","70","el Besòs i el Maresme","086",701
2023,"10","Sant Martí","70","el Besòs i el Maresme","087",664
2023,"10","Sant Martí","70","el Besòs i el Maresme","088",709
2023,"10","Sant Martí","70","el Besòs i el Maresme","089",983
2023,"10","Sant Martí","70","el Besòs i el Maresme","090",586
2023,"10","Sant Martí","70","el Besòs i el Maresme","091",855
2023,"10","Sant Martí","70","el Besòs i el Maresme","092",730
2023,"10","Sant Martí","70","el Besòs i el Maresme","093",614
2023,"10","Sant Martí","71","Provençals del Poblenou","094",1651
2023,"10","Sant Martí","71","Provençals del Poblenou","095",622
2023,"10","Sant Martí","71","Provençals del Poblenou","096",730
2023,"10","Sant Martí","71","Provençals del Poblenou","097",698
2023,"10","Sant Martí","71","Provençals del Poblenou","098",1013
2023,"10","Sant Martí","71","Provençals del Poblenou","099",405
2023,"10","Sant Martí","71","Provençals del Poblenou","100",786
2023,"10","Sant Martí","71","Provençals del Poblenou","101",1331
2023,"10","Sant Martí","71","Provençals del Poblenou","102",1163
2023,"10","Sant Martí","71","Provençals del Poblenou","103",1077
2023,"10","Sant Martí","71","Provençals del Poblenou","104",877
2023,"10","Sant Martí","71","Provençals del Poblenou","237",481
2023,"10","Sant Martí","72","Sant Martí de Provençals","105",1093
2023,"10","Sant Martí","72","Sant Martí de Provençals","106",482
2023,"10","Sant Martí","72","Sant Martí de Provençals","107",781
2023,"10","Sant Martí","72","Sant Martí de Provençals","108",608
2023,"10","Sant Martí","72","Sant Martí de Provençals","109",642
2023,"10","Sant Martí","72","Sant Martí de Provençals","110",636
2023,"10","Sant Martí","72","Sant Martí de Provençals","111",647
2023,"10","Sant Martí","72","Sant Martí de Provençals","112",796
2023,"10","Sant Martí","72","Sant Martí de Provençals","113",538
2023,"10","Sant Martí","72","Sant Martí de Provençals","114",616
2023,"10","Sant Martí","72","Sant Martí de Provençals","115",556
2023,"10","Sant Martí","72","Sant Martí de Provençals","116",734
2023,"10","Sant Martí","72","Sant Martí de Provençals","117",599
2023,"10","Sant Martí","72","Sant Martí de Provençals","118",529
2023,"10","Sant Martí","72","Sant Martí de Provençals","119",427
2023,"10","Sant Martí","72","Sant Martí de Provençals","120",602
2023,"10","Sant Martí","72","Sant Martí de Provençals","121",623
2023,"10","Sant Martí","72","Sant Martí de Provençals","122",783
2023,"10","Sant Martí","73","la Verneda i la Pau","123",650
2023,"10","Sant Martí","73","la Verneda i la Pau","124",545
2023,"10","Sant Martí","73","la Verneda i la Pau","125",499
2023,"10","Sant Martí","73","la Verneda i la Pau","126",530
2023,"10","Sant Martí","73","la Verneda i la Pau","127",459
2023,"10","Sant Martí","73","la Verneda i la Pau","128",769
2023,"10","Sant Martí","73","la Verneda i la Pau","129",657
2023,"10","Sant Martí","73","la Verneda i la Pau","130",514
2023,"10","Sant Martí","73","la Verneda i la Pau","131",608
2023,"10","Sant Martí","73","la Verneda i la Pau","132",548
2023,"10","Sant Martí","73","la Verneda i la Pau","133",775
2023,"10","Sant Martí","73","la Verneda i la Pau","134",585
2023,"10","Sant Martí","73","la Verneda i la Pau","135",684
2023,"10","Sant Martí","73","la Verneda i la Pau","136",562
2023,"10","Sant Martí","73","la Verneda i la Pau","137",1077
2023,"10","Sant Martí","73","la Verneda i la Pau","138",833
2023,"10","Sant Martí","73","la Verneda i la Pau","139",630
2023,"10","Sant Martí","73","la Verneda i la Pau","140",597
2023,"10","Sant Martí","73","la Verneda i la Pau","141",453
2023,"10","Sant Martí","73","la Verneda i la Pau","142",607
2023,"10","Sant Martí","73","la Verneda i la Pau","143",766
2023,"NC","No consta","NC","No consta","NC",26
